run,process,local_time,total_time
0,0,3.04075,3.06152
0,1,3.05729,
1,0,2.8512,2.88434
1,1,2.88049,
2,0,2.55923,2.56285
2,1,2.5562,
